model,RMSE,MAE,R2
Linear,1153.0979472654856,739.4688991546518,0.9998652790143769
RandomForest,4555.510306046046,969.1403892041749,0.9978973019089012
